Sequence ID,Length,GC Content
lcl|KJ906114.1_cds_AIC63364.1_1,1066,58.536585365853654
lcl|KR710254.1_cds_AKI70636.1_1,1809,61.083471531232725
lcl|KJ136647.1_cds_AHN82349.1_1,834,53.23741007194245
lcl|KJ892966.1_cds_AIC50551.1_1,958,55.323590814196244
lcl|NM_004789.4_cds_NP_004780.3_1,1221,63.47256347256347
lcl|KJ894453.1_cds_AIC52035.1_1,1657,47.13337356668678
